customer_id,name,email,phone,date_of_birth
1,Shellysheldon Sherwood,ssherwood0@sfgate.com,666-676-1546,1955-01-05
2,Jobina Ciardo,jciardo1@blog.com,416-741-6588,2005-06-16
3,Desirae Edgerly,dedgerly2@naver.com,253-555-3531,1977-04-28
4,Stevana Stearndale,sstearndale3@odnoklassniki.ru,138-200-5855,1986-06-23
5,Isabelita Ebbins,iebbins4@bloglovin.com,426-252-5889,1999-02-12
6,Kathryn Scawn,kscawn5@utexas.edu,321-318-1850,1987-05-04
7,Nicoli Ibanez,nibanez6@jigsy.com,568-773-1384,1982-06-25
8,Helen De Cruze,hde7@google.fr,572-759-8384,1992-11-06
9,Madonna McAllester,mmcallester8@google.nl,124-116-7224,2018-04-22
10,Bunny MacGilpatrick,bmacgilpatrick9@nps.gov,641-113-5946,1977-11-06
11,Brinn Norcock,bnorcocka@multiply.com,458-909-6103,2016-04-19
12,Brod Calvard,bcalvardb@ovh.net,920-188-4983,2012-11-03
13,Sharline O'Cannovane,socannovanec@liveinternet.ru,490-882-8354,1954-02-26
14,Nelly Avraam,navraamd@dion.ne.jp,920-293-0962,1953-02-15
15,Raquela Peddowe,rpeddowee@smh.com.au,936-189-1312,2001-10-22
16,Becca Matterdace,bmatterdacef@amazon.co.uk,843-304-1190,1996-07-06
17,Mommy Wile,mwileg@cbc.ca,945-931-4315,1986-05-28
18,Rossy Beauchamp,rbeauchamph@thetimes.co.uk,564-776-0799,1956-09-16
19,Leo Dagworthy,ldagworthyi@cyberchimps.com,663-859-5546,1966-02-24
20,Nerti Sammonds,nsammondsj@desdev.cn,235-318-6388,2008-12-04
21,Letizia Yuryshev,lyuryshevk@rambler.ru,790-565-4625,1965-09-05
22,Boony Fynan,bfynanl@sphinn.com,280-502-2661,1954-10-14
23,Conchita Littlemore,clittlemorem@smugmug.com,770-155-0517,2009-07-17
24,Darill Base,dbasen@cafepress.com,386-920-3736,2011-08-09
25,Vick Iorio,viorioo@yelp.com,446-275-1899,1985-01-16
26,Manuel Huertas,mhuertasp@nature.com,408-338-5760,1961-07-05
27,Wolf Cregeen,wcregeenq@wufoo.com,775-326-3762,1959-12-31
28,Chelsy Lovewell,clovewellr@intel.com,782-778-9295,2015-02-27
29,Portia Manes,pmaness@icio.us,605-763-4621,1971-12-14
30,Abrahan O'Donoghue,aodonoghuet@gov.uk,709-482-3173,1957-09-12
31,Mehetabel Camsey,mcamseyu@economist.com,830-808-0724,1974-11-29
32,Orv Chirm,ochirmv@delicious.com,869-826-1180,1963-09-19
33,Callean Meese,cmeesew@cyberchimps.com,859-665-1898,1966-10-24
34,Marena Sandars,msandarsx@mysql.com,348-821-1187,1980-10-27
35,Frants Cullimore,fcullimorey@bloglovin.com,122-975-7960,1990-05-21
36,Ainslee Whoolehan,awhoolehanz@cmu.edu,592-806-0356,1987-07-01
37,Karoly Aslum,kaslum10@amazon.com,638-202-4526,1983-07-10
38,Haven Kubecka,hkubecka11@artisteer.com,314-546-5890,1965-12-14
39,Vinson Drayson,vdrayson12@stumbleupon.com,650-631-2209,2016-03-18
40,Serge Wapplington,swapplington13@tinypic.com,933-500-4506,1952-04-02
41,Ketty Pozer,kpozer14@cdbaby.com,604-717-5323,1998-03-25
42,Waylon Mainston,wmainston15@wordpress.com,133-407-9795,1951-10-12
43,Koren Grigg,kgrigg16@g.co,473-593-7007,1986-02-15
44,Ara Younie,ayounie17@cloudflare.com,185-800-0905,1989-06-16
45,Sandye Oury,soury18@hc360.com,783-187-2165,1986-10-13
46,Aurel Smaile,asmaile19@hud.gov,604-174-9395,2019-09-30
47,Celestyna Delamaine,cdelamaine1a@prweb.com,208-433-1091,1988-11-07
48,Paige Simes,psimes1b@google.com.hk,750-283-6166,2002-12-03
49,Tye Kings,tkings1c@msu.edu,785-432-1043,1983-08-09
50,Stillmann Cameron,scameron1d@drupal.org,280-312-4243,2007-01-12
51,Alfred Banishevitz,abanishevitz1e@github.com,207-792-6851,1966-03-24
52,Clemens St. Louis,cst1f@addtoany.com,405-218-9152,1981-01-15
53,Justinn Lemmer,jlemmer1g@walmart.com,520-166-6739,1985-11-21
54,Mar Ciottoi,mciottoi1h@ucla.edu,741-900-7720,1962-09-04
55,Laurette Mcimmie,lmcimmie1i@jigsy.com,107-736-1560,2018-12-27
56,Gale Greenman,ggreenman1j@bandcamp.com,855-846-1662,1966-07-22
57,Kakalina Wooldridge,kwooldridge1k@stumbleupon.com,250-462-2810,1959-05-17
58,Sergeant Mickan,smickan1l@amazon.co.jp,786-481-4098,1972-10-12
59,Else Mackley,emackley1m@house.gov,199-115-9970,2000-06-20
60,Cyrillus Woltman,cwoltman1n@hhs.gov,326-956-0744,1953-10-23
61,Dorree Dunaway,ddunaway1o@dell.com,448-433-2931,2004-06-02
62,Abbey McGreal,amcgreal1p@posterous.com,683-258-5144,1979-08-09
63,Saleem Emes,semes1q@sbwire.com,330-365-6539,1963-05-06
64,Rea Connerry,rconnerry1r@cyberchimps.com,623-988-0219,2008-12-02
65,Arch Dufall,adufall1s@samsung.com,676-304-7204,1984-11-01
66,Cele Fellibrand,cfellibrand1t@mlb.com,174-636-7530,2019-12-14
67,Paton Benzie,pbenzie1u@bloomberg.com,650-585-4717,1959-01-03
68,Griswold Clementi,gclementi1v@eventbrite.com,194-530-4142,1997-06-25
69,Hamid Sambals,hsambals1w@thetimes.co.uk,454-269-2071,2019-06-27
70,Kynthia Bingley,kbingley1x@cdbaby.com,560-922-1881,2005-03-11
71,Michal Areles,mareles1y@ox.ac.uk,694-648-8927,1962-02-15
72,Tyrus Leicester,tleicester1z@cbc.ca,282-791-8854,1995-11-20
73,Silva Dunn,sdunn20@pinterest.com,328-868-7187,2005-11-20
74,Conrade Haslen,chaslen21@ucla.edu,189-854-1627,2011-09-04
75,Morgun Candlin,mcandlin22@amazon.co.uk,941-539-3271,2016-03-14
76,Veronike Scud,vscud23@domainmarket.com,601-527-8693,1994-01-06
77,Wilt Guillford,wguillford24@bravesites.com,956-844-4484,2004-11-07
78,Shurwood Hanton,shanton25@bloglovin.com,234-714-5304,1999-03-23
79,Marty Boake,mboake26@umn.edu,675-196-3242,1976-01-06
80,Carmencita Ragsdale,cragsdale27@exblog.jp,665-191-3846,1984-04-07
81,Reidar Dassindale,rdassindale28@macromedia.com,409-593-2034,2018-05-12
82,Adorne Ovendon,aovendon29@google.com.hk,310-579-6264,1970-07-26
83,Toddie Lortzing,tlortzing2a@scribd.com,626-105-5568,2011-01-07
84,Blane Haycroft,bhaycroft2b@nbcnews.com,128-594-2899,1986-01-29
85,Mozelle Heigl,mheigl2c@usatoday.com,150-450-4909,1993-10-02
86,Lorraine Gieves,lgieves2d@homestead.com,990-591-6467,1975-12-19
87,Ebenezer Simeone,esimeone2e@walmart.com,434-785-2413,1967-01-21
88,Angie Lyes,alyes2f@jigsy.com,599-921-4497,1997-05-31
89,Rosa Fessby,rfessby2g@wordpress.com,800-611-2537,1955-03-04
90,Rubie Gartan,rgartan2h@artisteer.com,285-614-7329,1953-09-16
91,Lydie Nason,lnason2i@aol.com,496-543-0363,1965-01-30
92,Ivie Roberts,iroberts2j@timesonline.co.uk,253-843-9377,2020-02-22
93,Ari Barhims,abarhims2k@yahoo.co.jp,731-630-4095,1961-12-22
94,Traci Lovitt,tlovitt2l@tamu.edu,859-762-2580,2001-01-25
95,Vida Diprose,vdiprose2m@edublogs.org,633-345-4321,1990-04-23
96,Teodorico De Anesy,tde2n@skype.com,786-960-5597,1992-12-13
97,Mervin Housecroft,mhousecroft2o@cdbaby.com,192-187-7816,2016-10-02
98,Saundra Fenge,sfenge2p@freewebs.com,156-918-1986,2000-03-26
99,Pia Outhwaite,pouthwaite2q@npr.org,503-249-6328,1958-10-03
100,Rozamond Van der Velde,rvan2r@meetup.com,695-400-5509,1965-10-04
101,Roxanne Donne,rdonne2s@naver.com,744-689-8626,1967-12-10
102,Pietra Book,pbook2t@cbslocal.com,988-752-2068,1954-04-17
103,Cad Torrijos,ctorrijos2u@phoca.cz,355-364-0038,1952-02-25
104,Horatio Foltin,hfoltin2v@hostgator.com,704-766-9462,2013-07-31
105,Lindy Eakin,leakin2w@google.ca,525-110-6418,2011-07-19
106,Elwood Bunkle,ebunkle2x@cbslocal.com,781-541-1617,2000-05-08
107,Lazaro Seccombe,lseccombe2y@tmall.com,877-428-3249,2013-08-20
108,Esther Birdwhistell,ebirdwhistell2z@bizjournals.com,132-779-2078,1972-12-15
109,Kaycee Djokovic,kdjokovic30@mayoclinic.com,855-641-6148,1963-12-13
110,Andrej Liddicoat,aliddicoat31@google.es,443-772-8645,1979-06-25
111,Cesya Marrett,cmarrett32@examiner.com,701-697-2577,2018-05-29
112,Elmore Deppen,edeppen33@comsenz.com,581-864-0323,2009-09-01
113,Mareah Kensley,mkensley34@istockphoto.com,289-409-5337,1960-02-02
114,Brew Goakes,bgoakes35@domainmarket.com,741-932-6049,1985-08-03
115,Trent Agglione,tagglione36@w3.org,468-816-9720,1957-06-05
116,Dev Orts,dorts37@prweb.com,722-473-4398,2009-01-05
117,Nevile Light,nlight38@moonfruit.com,620-728-5451,1989-06-04
118,Vivyanne Wiffield,vwiffield39@edublogs.org,185-965-9076,1959-03-26
119,Anetta Fortman,afortman3a@etsy.com,566-287-2573,2017-01-16
120,Fredek Laughton,flaughton3b@homestead.com,865-833-4117,2000-01-17
121,Kerk Klinck,kklinck3c@about.me,709-841-4861,2018-06-28
122,Maxie Bartoshevich,mbartoshevich3d@noaa.gov,287-734-2433,1986-01-10
123,Freda Lackemann,flackemann3e@eepurl.com,568-275-3030,1951-12-30
124,Byrom Viccary,bviccary3f@indiatimes.com,386-460-6553,2018-12-05
125,Gerrie Paradine,gparadine3g@behance.net,602-208-8019,1992-01-17
126,Ardath Lavis,alavis3h@jugem.jp,255-546-4351,2002-07-16
127,Manon Allonby,mallonby3i@miibeian.gov.cn,381-994-4303,2009-04-25
128,Linet Huchot,lhuchot3j@rediff.com,272-468-0296,1974-09-01
129,Bobbie Finneran,bfinneran3k@wisc.edu,486-342-8060,1998-01-11
130,Otha Fick,ofick3l@vimeo.com,820-884-3149,1982-10-21
131,Theobald Buckberry,tbuckberry3m@berkeley.edu,478-528-8701,1987-03-17
132,Locke Candlin,lcandlin3n@mapy.cz,826-254-0322,1997-02-02
133,Ida Teather,iteather3o@ebay.com,958-159-7143,2004-03-18
134,Babara Clampe,bclampe3p@independent.co.uk,818-186-4707,1964-03-14
135,Whit McVity,wmcvity3q@yahoo.com,982-750-6411,1971-01-22
136,Milly Garken,mgarken3r@ftc.gov,421-559-2816,1972-06-09
137,Juanita Bunney,jbunney3s@artisteer.com,941-563-8063,1990-04-06
138,Winna Kemson,wkemson3t@icq.com,562-725-4907,1962-12-13
139,Zack Coggell,zcoggell3u@icio.us,859-100-5946,1973-02-09
140,Bren Schubert,bschubert3v@hp.com,744-203-4246,2016-06-17
141,Andria Lafferty,alafferty3w@topsy.com,601-689-4249,1973-09-07
142,Itch Gilhooley,igilhooley3x@cmu.edu,244-286-5558,2000-02-28
143,Cherri Baudins,cbaudins3y@google.nl,236-208-1840,1989-12-19
144,Tonya Crose,tcrose3z@about.me,801-769-9013,2004-07-06
145,Dur Antonignetti,dantonignetti40@clickbank.net,167-160-8999,1980-06-05
146,Jone Templeton,jtempleton41@amazon.co.uk,123-132-4433,2019-02-06
147,Casar Plows,cplows42@prnewswire.com,628-467-4004,1974-11-25
148,Jerrilee Iredell,jiredell43@globo.com,503-134-0077,1968-06-21
149,Sunny Brandoni,sbrandoni44@disqus.com,912-845-3661,2018-06-24
150,Anderea Castri,acastri45@youku.com,678-865-3722,2012-10-16
151,Joyann McRobbie,jmcrobbie46@surveymonkey.com,592-824-4139,1989-05-18
152,Gilberte Mingardi,gmingardi47@hostgator.com,340-870-3000,1986-12-21
153,Nicky Summerscales,nsummerscales48@geocities.jp,263-381-6159,2004-01-03
154,Merlina Leyes,mleyes49@toplist.cz,441-304-2099,2007-01-31
155,Wolfy Iacobo,wiacobo4a@baidu.com,316-939-3331,1982-03-15
156,Druci Jarlmann,djarlmann4b@artisteer.com,638-389-4555,2009-06-15
157,Lilly Smithson,lsmithson4c@nature.com,294-963-5644,2017-02-18
158,Amble Brimm,abrimm4d@simplemachines.org,959-449-8821,1988-01-27
159,Cathy Fallows,cfallows4e@uiuc.edu,536-749-3581,1986-04-14
160,Fritz Challens,fchallens4f@istockphoto.com,820-747-9466,1971-06-26
161,Victor Lars,vlars4g@mediafire.com,726-969-3624,1976-06-22
162,Sigismondo Lamers,slamers4h@sakura.ne.jp,566-259-9115,1973-05-04
163,Gayler Adlam,gadlam4i@lycos.com,397-718-4175,1974-01-14
164,Herby Erley,herley4j@behance.net,908-521-2594,1951-02-25
165,Hermia Albutt,halbutt4k@godaddy.com,712-561-0521,2007-07-29
166,Elenore See,esee4l@miitbeian.gov.cn,746-763-8365,2003-12-09
167,Greg Aspinell,gaspinell4m@wikimedia.org,506-177-1469,1996-02-05
168,Vivianna Lyfe,vlyfe4n@webeden.co.uk,475-624-0229,2020-12-02
169,Louisa Peppard,lpeppard4o@blinklist.com,872-509-1217,2010-12-07
170,Kirbie Maruszewski,kmaruszewski4p@hhs.gov,415-286-6976,1995-09-04
171,Orlando Tallon,otallon4q@macromedia.com,510-323-2911,1960-02-27
172,Oran Pierton,opierton4r@indiatimes.com,964-140-4038,1989-12-20
173,Mora Pitway,mpitway4s@last.fm,775-369-1956,1978-11-04
174,Genny Dran,gdran4t@mapquest.com,381-100-9523,2007-04-10
175,Graig Gerardet,ggerardet4u@weibo.com,809-130-1071,1953-06-01
176,Korrie Trumper,ktrumper4v@ustream.tv,692-841-6351,1977-12-17
177,Thibaud Barthelme,tbarthelme4w@technorati.com,815-963-5220,1952-04-24
178,Christye Chevin,cchevin4x@independent.co.uk,196-416-6200,2016-07-02
179,Leo Riggoll,lriggoll4y@macromedia.com,312-202-0666,2010-07-09
180,Nada Giacobini,ngiacobini4z@booking.com,834-901-9229,2017-01-31
181,Lanni Ovize,lovize50@cbc.ca,934-871-1160,1976-04-06
182,Reinwald Ickovits,rickovits51@ucsd.edu,864-640-4343,1991-04-07
183,Adela Tather,atather52@freewebs.com,480-781-8283,1973-04-24
184,Lauretta Zavattieri,lzavattieri53@slate.com,628-398-0198,1992-05-23
185,Stanislaw Olliver,solliver54@scribd.com,540-824-3967,1961-09-15
186,Merv Hosby,mhosby55@moonfruit.com,995-930-3718,2010-02-13
187,Johnna Wincom,jwincom56@pcworld.com,968-231-2301,1974-09-20
188,Jeno Mazella,jmazella57@vimeo.com,247-584-1984,1961-04-17
189,Brena Myerscough,bmyerscough58@wix.com,488-118-4044,1953-03-30
190,Ted Gateland,tgateland59@illinois.edu,471-341-1321,1986-07-19
191,Corri Kleinplac,ckleinplac5a@uiuc.edu,699-926-1228,1981-02-23
192,Mitzi Avramovitz,mavramovitz5b@fema.gov,460-126-6703,1961-11-14
193,Zola Maryon,zmaryon5c@wp.com,771-622-2894,1996-05-25
194,Roxi Pidgeon,rpidgeon5d@seesaa.net,964-125-6095,1958-06-08
195,Amie Pearsey,apearsey5e@admin.ch,126-795-3247,1981-06-20
196,Angelita Coon,acoon5f@liveinternet.ru,837-668-5641,1997-03-17
197,Mufi Hogbourne,mhogbourne5g@acquirethisname.com,283-358-8783,2000-11-01
198,Suzi McGinny,smcginny5h@prlog.org,892-775-2408,2011-03-15
199,Pat Ritson,pritson5i@reverbnation.com,186-665-3138,1974-10-06
200,Netty McAreavey,nmcareavey5j@seesaa.net,613-163-3756,1961-11-30
201,Denni Bampfield,dbampfield5k@odnoklassniki.ru,619-516-7839,1973-02-10
202,Karena Sansbury,ksansbury5l@booking.com,602-672-4039,1987-06-10
203,Brady Gossan,bgossan5m@opera.com,248-280-1478,1964-06-06
204,Bobbee McAw,bmcaw5n@loc.gov,130-800-9710,1976-05-13
205,Bibbie Siddeley,bsiddeley5o@epa.gov,250-163-2672,1960-04-17
206,Chrissy Caulcutt,ccaulcutt5p@loc.gov,477-895-0551,1987-10-17
207,Elyn Keyse,ekeyse5q@multiply.com,591-324-3801,2010-12-30
208,Brendin Spir,bspir5r@lulu.com,549-819-2101,1995-10-07
209,Tobin Archanbault,tarchanbault5s@bluehost.com,917-466-3526,2001-12-31
210,Linc Puttock,lputtock5t@usa.gov,318-942-1406,1978-08-28
211,Wynn Arnatt,warnatt5u@tamu.edu,697-163-4019,1954-05-03
212,Claiborn Scintsbury,cscintsbury5v@qq.com,806-165-8365,1995-11-26
213,Rozalin Braundt,rbraundt5w@com.com,637-398-3245,1970-12-17
214,Onfroi Deave,odeave5x@nps.gov,551-589-6571,1986-10-22
215,Shane Frensch,sfrensch5y@zdnet.com,392-621-1166,2002-07-14
216,Teddie Tappin,ttappin5z@slideshare.net,657-219-9297,1998-12-22
217,Kahaleel Folke,kfolke60@bluehost.com,507-421-8575,1951-08-29
218,Kerri Cordelle,kcordelle61@storify.com,591-427-8952,1956-07-20
219,Jobyna Paull,jpaull62@ucla.edu,365-641-8583,1952-11-18
220,Mort McAlroy,mmcalroy63@nih.gov,697-923-5678,1963-07-15
221,Nicola Jozaitis,njozaitis64@gizmodo.com,606-364-0139,1973-06-26
222,Carita Gronowe,cgronowe65@freewebs.com,403-734-8113,2001-02-09
223,Evelin Karleman,ekarleman66@sourceforge.net,548-234-0521,1981-05-01
224,Gena Ivakhno,givakhno67@slashdot.org,605-766-5819,1986-01-19
225,Walden Bryde,wbryde68@homestead.com,965-136-7056,1955-01-26
226,Stephannie Glusby,sglusby69@unesco.org,465-710-7122,2000-01-24
227,Ripley Hellyer,rhellyer6a@histats.com,717-775-8095,2011-11-02
228,Hendrik McRamsey,hmcramsey6b@1und1.de,117-523-6628,2018-04-30
229,Cassi McMurty,cmcmurty6c@yolasite.com,406-228-6559,2015-09-02
230,Mortie Heffer,mheffer6d@seesaa.net,199-292-1279,2015-10-06
231,Eyde Solan,esolan6e@pbs.org,307-742-7866,2006-04-13
232,Mab Burnie,mburnie6f@chronoengine.com,944-974-4869,2018-11-11
233,Jemmy Scarsbrook,jscarsbrook6g@blinklist.com,304-137-5456,1978-06-09
234,Trevar Deadman,tdeadman6h@yale.edu,597-975-1168,1996-02-17
235,Caty Spacie,cspacie6i@canalblog.com,145-761-9604,1990-04-08
236,Eugene Blankman,eblankman6j@technorati.com,808-384-5655,1985-06-27
237,Nataline Gawne,ngawne6k@ebay.co.uk,348-348-3035,1980-10-29
238,Gottfried Gunston,ggunston6l@baidu.com,699-538-8407,2013-12-25
239,Ashby Santore,asantore6m@xing.com,912-168-9613,1962-08-10
240,Emalia Attwater,eattwater6n@acquirethisname.com,720-243-5457,1969-08-17
241,Thorin Perryn,tperryn6o@i2i.jp,193-578-8379,1976-03-22
242,Lib Drewes,ldrewes6p@sakura.ne.jp,741-848-1155,2011-09-12
243,Dierdre Walewski,dwalewski6q@weibo.com,435-305-4688,1964-07-29
244,Kevina Sommerscales,ksommerscales6r@dell.com,879-324-1563,1961-12-28
245,Megan Houdhury,mhoudhury6s@sina.com.cn,131-775-5124,1980-12-07
246,Petrina Thamelt,pthamelt6t@upenn.edu,200-512-5186,1954-10-30
247,Clem Wase,cwase6u@dropbox.com,986-903-5031,1996-07-02
248,Alexia Ingley,aingley6v@buzzfeed.com,201-282-9910,2003-03-24
249,Marty Gibby,mgibby6w@ft.com,852-694-3671,1987-08-17
250,Jilleen L'Hommee,jlhommee6x@artisteer.com,319-126-5130,1986-06-14
251,Had Bram,hbram6y@google.com.au,856-252-2770,1990-07-09
252,Dominick Blader,dblader6z@fc2.com,686-562-7577,1964-11-17
253,Davie Nowak,dnowak70@jalbum.net,693-813-0977,2012-09-28
254,Mack Shimmin,mshimmin71@com.com,582-127-7503,1975-07-24
255,Griffie Hosburn,ghosburn72@live.com,409-454-4293,1961-02-03
256,Karry Pestor,kpestor73@army.mil,257-288-9086,2019-12-11
257,Piggy Antonoyev,pantonoyev74@gravatar.com,255-276-5902,2012-12-18
258,Amabelle Danton,adanton75@nature.com,696-372-7934,1984-03-24
259,Sarene Sustins,ssustins76@aol.com,608-908-5556,2003-09-16
260,Ricard Monckton,rmonckton77@google.es,740-413-7273,1972-11-03
261,Serge Foy,sfoy78@webnode.com,648-189-8634,1991-03-18
262,Maris Carwardine,mcarwardine79@livejournal.com,891-804-7640,1995-03-27
263,Vivyanne Clapton,vclapton7a@sina.com.cn,255-937-0587,1951-07-28
264,Constance McMillam,cmcmillam7b@angelfire.com,313-716-4066,1996-08-06
265,Travus Ansell,tansell7c@tripod.com,493-345-3852,2020-12-07
266,Eleonora Betancourt,ebetancourt7d@ehow.com,838-251-1884,2009-09-28
267,Zacharias Pesticcio,zpesticcio7e@behance.net,467-219-6844,2019-01-30
268,Freddie Gaylard,fgaylard7f@multiply.com,829-752-2248,1989-12-01
269,Manya Margram,mmargram7g@plala.or.jp,385-702-3504,1957-09-12
270,Daveen Salasar,dsalasar7h@tripadvisor.com,488-967-0592,2008-12-26
271,Hana Madden,hmadden7i@vk.com,769-884-7008,1953-12-06
272,Joelly Yashanov,jyashanov7j@vkontakte.ru,743-687-6377,1970-10-27
273,Letty Everett,leverett7k@go.com,357-622-2635,1998-11-01
274,Valentina Ballham,vballham7l@nytimes.com,832-645-0308,2012-03-15
275,Reeta Duffell,rduffell7m@friendfeed.com,320-875-2371,1993-12-27
276,Jo ann McMurray,jann7n@opensource.org,949-528-7370,1953-06-22
277,Rhys Steedman,rsteedman7o@hugedomains.com,855-991-2790,1989-07-30
278,Jehu Zuann,jzuann7p@army.mil,975-142-5269,1951-10-18
279,Josias Sibthorpe,jsibthorpe7q@topsy.com,881-385-7791,1976-07-05
280,Kalil Weston,kweston7r@hc360.com,590-626-2359,1980-02-19
281,Teriann Morat,tmorat7s@trellian.com,727-538-4977,2015-12-07
282,Molly Beeton,mbeeton7t@quantcast.com,122-848-7207,1989-07-21
283,Chantal Foggo,cfoggo7u@photobucket.com,129-231-0504,1978-02-02
284,Stacee Kilfeather,skilfeather7v@woothemes.com,611-178-4329,1966-01-20
285,Cob Samms,csamms7w@java.com,767-637-9951,2011-07-15
286,Izaak Trowell,itrowell7x@icio.us,394-749-1716,1968-07-16
287,Judas Pidgin,jpidgin7y@goo.ne.jp,839-361-9432,1995-11-09
288,Shandy Curd,scurd7z@networksolutions.com,866-298-4430,1973-02-01
289,Vanni Bruck,vbruck80@walmart.com,848-749-2390,2014-11-14
290,Sherlocke Mary,smary81@yolasite.com,674-696-8160,2000-07-05
291,Beauregard Keeves,bkeeves82@who.int,476-418-2288,2010-05-14
292,Chloe O'Curran,cocurran83@bigcartel.com,746-525-7802,2019-12-09
293,Ira Skitteral,iskitteral84@newyorker.com,662-231-0227,1975-07-29
294,Justin Bramwell,jbramwell85@feedburner.com,337-539-7249,2008-06-06
295,Hildy Hymas,hhymas86@pbs.org,872-185-5649,1970-04-29
296,Tadeas Selman,tselman87@hc360.com,111-252-0148,1951-11-22
297,Barbi Cosin,bcosin88@flickr.com,757-195-5450,1952-05-23
298,Adoree McClosh,amcclosh89@yolasite.com,948-991-6453,1979-01-07
299,Erinna Brisset,ebrisset8a@microsoft.com,781-575-8058,1985-04-11
300,Brad Burless,bburless8b@utexas.edu,502-680-5732,2011-05-14
301,Lorrie Zini,lzini8c@nhs.uk,214-945-6960,1987-01-20
302,Burl Alliban,balliban8d@amazon.co.uk,408-796-0525,1977-12-11
303,Merell Grishinov,mgrishinov8e@wsj.com,204-382-3627,2012-03-01
304,Leta Gannicott,lgannicott8f@wp.com,548-839-2618,1999-06-11
305,Shelley Daish,sdaish8g@nifty.com,965-249-3257,1981-12-26
306,Arnuad Adanez,aadanez8h@so-net.ne.jp,109-108-0665,1972-10-23
307,Ganny Scarlan,gscarlan8i@omniture.com,298-775-2595,2013-12-16
308,Janot Pierro,jpierro8j@cpanel.net,472-882-3940,1984-05-28
309,Isahella De Blase,ide8k@zimbio.com,968-258-3506,2008-06-15
310,Koralle Semmence,ksemmence8l@twitter.com,702-253-0385,1996-09-09
311,Elisabeth Nation,enation8m@linkedin.com,268-495-9842,1976-02-21
312,Jacquie Hurley,jhurley8n@webmd.com,880-393-0009,1970-05-09
313,Jenni Ousbie,jousbie8o@weebly.com,363-697-7365,1964-09-04
314,Marlo Rudd,mrudd8p@woothemes.com,272-354-3293,2012-04-10
315,Quintina Brose,qbrose8q@ibm.com,107-614-1641,1984-11-09
316,Savina McNeil,smcneil8r@hostgator.com,223-138-4388,1953-12-24
317,Constantine Caverhill,ccaverhill8s@adobe.com,580-150-6566,2000-08-26
318,Brock Currier,bcurrier8t@dailymail.co.uk,955-167-5116,2000-08-08
319,Albert Lindhe,alindhe8u@gravatar.com,835-682-6013,1980-04-08
320,Heddie Rolfs,hrolfs8v@php.net,867-642-4335,1968-03-03
321,Annabelle Chivers,achivers8w@storify.com,870-498-1594,2019-09-24
322,Kattie Barrs,kbarrs8x@uol.com.br,392-730-8638,1987-04-03
323,Sarette Daunay,sdaunay8y@comsenz.com,552-966-7836,1957-11-28
324,Dasya Stubbeley,dstubbeley8z@usatoday.com,470-140-4371,2012-12-31
325,Haily Steynor,hsteynor90@51.la,236-103-8230,1958-11-30
326,Max Bazell,mbazell91@webmd.com,761-881-6327,1981-06-03
327,Pauly Muckloe,pmuckloe92@slideshare.net,607-657-4278,1985-08-17
328,Des Ungaretti,dungaretti93@google.com.au,411-354-2660,2001-10-09
329,Wakefield Gartery,wgartery94@clickbank.net,957-311-1999,2014-10-01
330,Chuck Stenner,cstenner95@google.ca,530-186-4265,1952-11-03
331,Darius Paynes,dpaynes96@sogou.com,141-162-6087,2018-03-31
332,Philippa Durbin,pdurbin97@salon.com,919-269-6659,1974-03-07
333,Iggie Dulany,idulany98@webmd.com,377-366-7327,1998-04-09
334,Amata Eggerton,aeggerton99@usgs.gov,444-796-7211,1970-02-17
335,Michal Brooksbie,mbrooksbie9a@flavors.me,873-442-1617,2001-11-14
336,Rudolfo Loreit,rloreit9b@google.com.hk,930-972-6410,2007-11-24
337,Sheryl Brantl,sbrantl9c@techcrunch.com,331-657-1521,1966-01-11
338,Holly Ivan,hivan9d@macromedia.com,688-652-0205,1984-11-01
339,Rosie Whitby,rwhitby9e@example.com,623-757-2309,1951-09-27
340,Huntlee Treat,htreat9f@ezinearticles.com,651-705-5128,1985-11-20
341,Nomi Dowry,ndowry9g@go.com,149-713-3599,2017-11-27
342,Barbie Feldon,bfeldon9h@networkadvertising.org,518-890-6666,2017-02-16
343,Mark Kingcote,mkingcote9i@tuttocitta.it,417-626-5416,1981-12-05
344,Annemarie Giovannacci,agiovannacci9j@networksolutions.com,740-889-8895,1979-04-29
345,Philomena Usmar,pusmar9k@shareasale.com,169-782-5157,2012-10-05
346,Bunnie Dolby,bdolby9l@blogtalkradio.com,224-257-6386,1961-04-30
347,Magda De Vaan,mde9m@devhub.com,673-425-1540,1953-04-11
348,Luciana Lenin,llenin9n@lulu.com,407-299-1321,1996-03-20
349,Chas Batrop,cbatrop9o@artisteer.com,960-466-2179,1967-08-02
350,Othello Climance,oclimance9p@ucsd.edu,910-804-7110,1979-11-04
351,Barby Kitt,bkitt9q@xinhuanet.com,348-261-4316,1984-06-01
352,Kaiser Troppmann,ktroppmann9r@pagesperso-orange.fr,249-699-4130,1955-04-27
353,Jesse De Metz,jde9s@nifty.com,444-604-0643,2008-01-29
354,Guss Snugg,gsnugg9t@free.fr,750-376-8756,2017-05-05
355,Rickard Tomaskov,rtomaskov9u@hexun.com,743-920-8871,1990-11-18
356,Nikolaus Daye,ndaye9v@weebly.com,556-413-5255,1987-05-06
357,Neysa Mico,nmico9w@mozilla.com,435-994-7643,1974-10-01
358,Doralia Rameaux,drameaux9x@cam.ac.uk,972-982-9351,1973-08-30
359,Gabi Persehouse,gpersehouse9y@economist.com,518-543-1319,2001-01-05
360,Der Lowry,dlowry9z@shareasale.com,312-365-2254,2015-06-01
361,Christel Wetter,cwettera0@typepad.com,874-396-5142,1968-12-14
362,Rodolphe Tomaskov,rtomaskova1@wisc.edu,244-944-5762,2017-08-25
363,Judi Mansfield,jmansfielda2@utexas.edu,335-417-1078,1968-03-04
364,Larissa Layfield,llayfielda3@addthis.com,260-373-2969,2001-03-06
365,Leroi Benham,lbenhama4@lulu.com,864-398-8973,1961-02-25
366,Sebastian Fludgate,sfludgatea5@gov.uk,939-349-6709,1974-08-17
367,Leontine Andreuzzi,landreuzzia6@github.com,198-518-8907,1985-06-15
368,Arley Candlish,acandlisha7@fc2.com,791-570-6776,2008-07-30
369,Debbie Stanway,dstanwaya8@wordpress.org,658-172-6913,1979-01-21
370,Nickolaus Francioli,nfranciolia9@mtv.com,490-746-9793,1986-07-23
371,Ronald Reicharz,rreicharzaa@seattletimes.com,199-922-0920,1999-05-18
372,Jameson Simkins,jsimkinsab@nature.com,732-287-8719,2012-07-31
373,Jacques Housen,jhousenac@earthlink.net,867-507-5919,1983-03-22
374,Pietra Poyzer,ppoyzerad@homestead.com,548-651-6868,1991-11-23
375,Gayelord Dallan,gdallanae@surveymonkey.com,317-334-2701,2007-05-16
376,Danila Rippingall,drippingallaf@nymag.com,386-371-2203,1958-10-07
377,Jannel Synnot,jsynnotag@illinois.edu,107-798-7385,1990-01-26
378,Kristoffer Plaster,kplasterah@smugmug.com,220-692-2346,2019-11-02
379,Saul Faires,sfairesai@skyrock.com,748-936-7141,2006-04-29
380,Patrizius Mullins,pmullinsaj@yahoo.com,845-416-8440,2015-07-17
381,Beale Wapplington,bwapplingtonak@nymag.com,415-862-9766,1981-06-18
382,Kate Treher,ktreheral@furl.net,187-784-3809,2017-01-03
383,Maddalena Aguirrezabal,maguirrezabalam@ed.gov,876-466-0389,1956-01-20
384,Trstram Graysmark,tgraysmarkan@businesswire.com,199-780-6429,1956-05-22
385,Tarra O'Fihily,tofihilyao@canalblog.com,461-829-9994,1997-12-26
386,Romola Lampke,rlampkeap@slate.com,359-153-2538,1952-07-02
387,Leda Danigel,ldanigelaq@vkontakte.ru,404-556-8678,1982-12-09
388,Linell Levens,llevensar@tiny.cc,609-230-6140,1959-11-03
389,Laure Coverlyn,lcoverlynas@blogtalkradio.com,956-697-8172,1987-07-21
390,Hartwell Blaisdell,hblaisdellat@guardian.co.uk,435-749-8582,1985-01-28
391,Case Kilmartin,ckilmartinau@jimdo.com,536-200-3483,2017-04-26
392,Wallas Treby,wtrebyav@github.com,963-643-2746,1957-10-24
393,Hi Stilgo,hstilgoaw@ifeng.com,605-734-9932,1972-09-19
394,Blakelee Hartzog,bhartzogax@google.nl,398-398-6758,2001-12-31
395,Sherlock Folshom,sfolshomay@eventbrite.com,235-924-7893,2003-08-19
396,Igor Arrault,iarraultaz@dropbox.com,761-375-5693,1959-01-15
397,Zolly Cavanaugh,zcavanaughb0@goo.ne.jp,181-592-3963,2002-04-03
398,Meghan Lambswood,mlambswoodb1@usa.gov,641-369-2165,1978-08-27
399,Waite Tapin,wtapinb2@nba.com,447-638-2693,2014-12-30
400,Trip Hollier,thollierb3@parallels.com,834-441-8058,2016-10-10
401,Marlo Peake,mpeakeb4@cam.ac.uk,729-285-7937,1980-12-03
402,Truda McCuthais,tmccuthaisb5@alibaba.com,617-270-5257,2019-11-15
403,Glynn Struys,gstruysb6@dailymotion.com,254-822-3616,1951-10-05
404,Rayshell Paulillo,rpaulillob7@home.pl,652-240-5555,1955-10-08
405,Dorey Wylam,dwylamb8@marketwatch.com,728-637-4262,1956-09-15
406,Kennedy Moffet,kmoffetb9@spotify.com,302-248-2393,2012-09-23
407,Peirce Barthot,pbarthotba@amazon.co.jp,790-453-8060,1978-04-16
408,Merrielle Bolderoe,mbolderoebb@prlog.org,408-958-1152,2013-10-31
409,Angelique Warret,awarretbc@symantec.com,655-717-0120,2016-11-20
410,Florina Arrault,farraultbd@disqus.com,616-827-6847,2004-11-18
411,Averill Iliff,ailiffbe@com.com,552-690-3102,2014-07-28
412,Jordana Brundale,jbrundalebf@elegantthemes.com,540-372-8656,2019-02-10
413,Jany McCotter,jmccotterbg@rambler.ru,160-835-2977,1951-04-25
414,Orly Henlon,ohenlonbh@buzzfeed.com,763-530-2322,1971-07-09
415,Aundrea Samter,asamterbi@psu.edu,107-358-9095,2007-05-27
416,Isabeau Sysland,isyslandbj@topsy.com,753-561-8475,1969-05-28
417,Nowell MacAndie,nmacandiebk@bizjournals.com,816-249-9167,1985-07-02
418,Opaline Crockatt,ocrockattbl@goo.ne.jp,373-253-8416,1977-11-02
419,Amara De Lascy,adebm@joomla.org,527-814-3563,2010-10-18
420,Marsh Chanter,mchanterbn@dailymotion.com,934-734-4090,2005-09-22
421,Orren Nesbit,onesbitbo@friendfeed.com,100-647-4035,1983-05-01
422,Chery Eddow,ceddowbp@rakuten.co.jp,218-320-9707,1982-12-05
423,Tandie Sainsbury,tsainsburybq@latimes.com,792-678-8938,1985-08-09
424,Lotta Bresman,lbresmanbr@who.int,326-926-4843,1983-04-03
425,Octavia Colmore,ocolmorebs@wufoo.com,166-125-0901,1959-04-06
426,Jules Bethune,jbethunebt@360.cn,929-503-6829,2012-10-25
427,Erina Paunton,epauntonbu@youku.com,203-849-2954,1985-01-01
428,Eachelle Chidler,echidlerbv@china.com.cn,606-579-9517,1971-01-25
429,Karlotta Maddox,kmaddoxbw@miibeian.gov.cn,632-409-0364,1994-04-29
430,Catarina Scud,cscudbx@hp.com,892-576-7520,2000-08-03
431,Rancell Stitwell,rstitwellby@squidoo.com,159-147-8936,1956-12-17
432,Hanan Dankersley,hdankersleybz@mail.ru,660-513-8513,1957-05-03
433,Dorella Pleavin,dpleavinc0@house.gov,349-723-6582,1955-03-05
434,Leila Gregor,lgregorc1@livejournal.com,126-189-5814,1963-08-11
435,Lorrie Simpkin,lsimpkinc2@tamu.edu,715-493-6126,2012-12-17
436,Ortensia Doumer,odoumerc3@mac.com,537-500-6758,1951-10-20
437,Cristi Jacson,cjacsonc4@blinklist.com,534-999-8592,1988-05-07
438,Thorndike Retchford,tretchfordc5@slideshare.net,559-580-7382,1967-08-09
439,Alma Tween,atweenc6@pen.io,994-246-6565,1979-10-15
440,Bruno Mushrow,bmushrowc7@sbwire.com,960-511-1348,1979-02-07
441,Teddie Schukert,tschukertc8@homestead.com,950-235-1434,1983-12-02
442,Jesus Rodliff,jrodliffc9@e-recht24.de,555-370-0270,2002-09-20
443,Curt Spedding,cspeddingca@omniture.com,754-301-9248,1959-08-07
444,Quintana Pickerill,qpickerillcb@amazonaws.com,538-356-4844,1998-01-17
445,Andy Loverock,aloverockcc@ed.gov,558-140-7753,1962-01-04
446,Constantia Kinchin,ckinchincd@diigo.com,204-880-9596,2019-10-20
447,Kylynn Armiger,karmigerce@cisco.com,806-761-9585,1970-08-26
448,Mae Wastling,mwastlingcf@engadget.com,350-168-9171,1956-12-19
449,Reeta Jowsey,rjowseycg@patch.com,133-352-5296,1978-06-20
450,Nicol Gouch,ngouchch@wordpress.org,424-443-4224,2004-06-01
451,Giffer Stocky,gstockyci@hp.com,734-355-5084,2012-08-03
452,Quentin Kingstne,qkingstnecj@who.int,801-642-7472,1985-02-04
453,Duky Fouracre,dfouracreck@creativecommons.org,391-693-9278,2006-06-25
454,Chas Buxey,cbuxeycl@arstechnica.com,246-402-7824,1951-01-24
455,Vidovik Tarbard,vtarbardcm@wikimedia.org,580-626-3898,2016-01-25
456,Frayda Bummfrey,fbummfreycn@webs.com,520-876-0124,1976-12-16
457,Kacy Thunnercliff,kthunnercliffco@amazon.co.uk,291-716-9186,1995-02-24
458,Illa Farman,ifarmancp@infoseek.co.jp,366-516-0935,1977-07-17
459,Coralyn Saffon,csaffoncq@myspace.com,205-827-6156,1996-04-14
460,Trev Ethelston,tethelstoncr@google.com.hk,185-539-5420,1985-07-28
461,Patrice Schonfelder,pschonfeldercs@china.com.cn,991-483-7786,1995-07-06
462,Yelena Vasilmanov,yvasilmanovct@npr.org,707-919-7431,1963-07-17
463,Elijah Francklyn,efrancklyncu@java.com,962-530-9161,1957-08-16
464,Abbey Bulch,abulchcv@homestead.com,603-317-0797,1980-06-27
465,Debera McGregor,dmcgregorcw@scientificamerican.com,893-337-7257,1992-04-11
466,Neilla Perrington,nperringtoncx@ftc.gov,478-557-1244,1974-02-12
467,Cindy Eastabrook,ceastabrookcy@mapy.cz,194-568-4421,1965-03-27
468,Perren Cod,pcodcz@cpanel.net,598-601-0104,1978-06-04
469,Coop McInteer,cmcinteerd0@storify.com,296-902-8123,2009-07-26
470,Mick Cattrell,mcattrelld1@ucoz.ru,597-670-2406,1992-07-12
471,Gabrila Tudhope,gtudhoped2@irs.gov,208-805-2593,2006-01-14
472,Kennie Fippe,kfipped3@npr.org,240-814-5841,1996-05-18
473,Linnell Tumber,ltumberd4@nymag.com,907-146-2255,1951-10-13
474,Millie MacGilpatrick,mmacgilpatrickd5@walmart.com,597-760-1192,1976-01-07
475,Ardith Dransfield,adransfieldd6@engadget.com,189-992-6502,2010-04-15
476,Theda Mettrick,tmettrickd7@ted.com,515-119-6146,1958-11-11
477,Hammad Rowson,hrowsond8@hugedomains.com,919-579-2695,1973-04-23
478,Marmaduke Inglesent,minglesentd9@mlb.com,664-384-5633,2018-08-01
479,Johnathan Juara,jjuarada@1688.com,291-257-9036,1956-08-15
480,Deborah Woodruff,dwoodruffdb@arstechnica.com,381-186-8326,1969-08-23
481,Renaud Brunke,rbrunkedc@paypal.com,962-984-3483,2013-05-10
482,Tadio Luna,tlunadd@simplemachines.org,594-783-7772,1956-07-14
483,Johnna Ashtonhurst,jashtonhurstde@acquirethisname.com,191-670-9646,1999-08-22
484,Zsa zsa Etches,zzsadf@marriott.com,308-137-4944,1992-05-25
485,Arlin Kemmish,akemmishdg@opensource.org,539-595-8485,2013-08-11
486,Esme Stansell,estanselldh@cdbaby.com,230-580-3490,1993-08-25
487,Rana Lemerle,rlemerledi@google.ru,292-449-3114,1969-09-25
488,Cazzie Henrie,chenriedj@joomla.org,549-555-7440,1974-01-30
489,Emmott Jemison,ejemisondk@berkeley.edu,346-156-0657,1973-10-23
490,Davida Waples,dwaplesdl@bandcamp.com,164-268-3755,2004-07-24
491,Lilia Taggett,ltaggettdm@jalbum.net,893-555-4432,1970-04-09
492,Johnathon Crowhurst,jcrowhurstdn@businesswire.com,924-585-4276,2020-08-30
493,Judas Jaycocks,jjaycocksdo@alexa.com,797-991-3707,1968-11-18
494,Jamison Lavarack,jlavarackdp@nymag.com,922-111-7683,2007-02-04
495,Pepi Loughlin,ploughlindq@wordpress.org,579-708-7620,1974-05-01
496,Barthel Kelbie,bkelbiedr@dmoz.org,352-464-6335,2009-10-12
497,Towney Amy,tamyds@ocn.ne.jp,308-537-9693,1990-07-10
498,Puff Fritche,pfritchedt@goo.ne.jp,657-589-5458,2008-03-26
499,Niels Bliben,nblibendu@taobao.com,335-623-5432,1978-12-28
500,Jeremie Wherrit,jwherritdv@unesco.org,465-199-8136,2011-02-11
501,Nolan Thurley,nthurleydw@umn.edu,902-659-0684,1971-03-30
502,Nicol Gland,nglanddx@marriott.com,348-623-1300,1981-07-11
503,Shoshana Dillestone,sdillestonedy@ehow.com,378-363-0597,1982-07-08
504,Warde Leaburn,wleaburndz@myspace.com,685-932-9429,1958-12-09
505,Merrie Mulvaney,mmulvaneye0@github.io,199-797-1525,1952-09-19
506,Christiano Semmence,csemmencee1@devhub.com,859-253-5353,1960-01-14
507,Gisella Ellard,gellarde2@tripadvisor.com,544-882-8098,2001-11-11
508,Daria Beaston,dbeastone3@yellowbook.com,133-800-5534,1955-10-06
509,Abbey Gylle,agyllee4@unesco.org,395-688-4662,1953-05-18
510,Lesya Couth,lcouthe5@eventbrite.com,960-222-5695,1974-05-27
511,Franciska Matthius,fmatthiuse6@blogger.com,255-549-7390,1974-05-28
512,Addison Patrone,apatronee7@simplemachines.org,770-656-9431,1987-10-18
513,Bianka Kenrat,bkenrate8@springer.com,152-433-2567,2000-03-10
514,Patty Glazer,pglazere9@myspace.com,988-127-6187,1996-09-30
515,Cherri Saxon,csaxonea@hugedomains.com,902-825-3117,1960-01-21
516,Selig Penzer,spenzereb@mapquest.com,152-845-1325,1954-03-22
517,Alexio Fawks,afawksec@nytimes.com,580-831-8573,1994-10-20
518,Kent Duthy,kduthyed@vistaprint.com,450-752-4193,1960-11-06
519,Blinnie Spat,bspatee@craigslist.org,972-964-1602,1974-10-18
520,Mortie Oattes,moattesef@time.com,736-280-2842,1980-11-06
521,Eduardo Jorez,ejorezeg@hibu.com,874-302-1995,1979-02-10
522,Athene Frost,afrosteh@yahoo.co.jp,450-733-4075,1990-06-12
523,Jesselyn Pickworth,jpickworthei@mediafire.com,377-234-6581,1970-07-19
524,Nicoli Benardeau,nbenardeauej@tuttocitta.it,270-684-9565,2019-05-25
525,Mehetabel Humphries,mhumphriesek@omniture.com,433-954-5822,2017-06-21
526,Sherlock MacDirmid,smacdirmidel@gnu.org,453-499-6799,2008-02-01
527,Patsy Danaher,pdanaherem@addthis.com,528-662-5023,2018-08-04
528,Jeannie Ceschini,jceschinien@oaic.gov.au,286-602-7525,2020-10-08
529,Egan Randal,erandaleo@t-online.de,806-295-9547,1992-02-22
530,Rica Bohje,rbohjeep@printfriendly.com,604-713-2194,1953-10-05
531,Lenard Racine,lracineeq@storify.com,379-534-8721,2013-03-12
532,Benjy Sharpley,bsharpleyer@plala.or.jp,427-533-3538,2010-03-30
533,Bunnie Cheake,bcheakees@mozilla.com,463-277-4490,1961-02-12
534,Vinny Boaler,vboaleret@si.edu,942-974-2816,1982-11-25
535,Averell Skerritt,askerritteu@miibeian.gov.cn,147-346-3092,2012-09-02
536,Ashli MacMichael,amacmichaelev@utexas.edu,469-361-3331,1952-11-04
537,Jarrett Insole,jinsoleew@storify.com,895-384-9225,1952-09-03
538,Lennie Stollsteimer,lstollsteimerex@privacy.gov.au,829-988-2615,1975-01-21
539,Clair Danihelka,cdanihelkaey@goodreads.com,913-712-2100,1965-09-15
540,Francklin Challin,fchallinez@pinterest.com,183-438-3288,1974-12-10
541,Issi McTrustey,imctrusteyf0@ycombinator.com,576-624-8994,1987-09-02
542,Tierney Willshire,twillshiref1@cmu.edu,967-620-8204,2007-05-13
543,Esdras Ashelford,eashelfordf2@slate.com,963-891-7550,1978-12-11
544,Antoni Gillise,agillisef3@state.tx.us,717-681-4760,1981-03-22
545,Delilah Fosberry,dfosberryf4@yale.edu,243-414-3085,2011-11-24
546,Ynes O'Neal,yonealf5@hibu.com,445-291-4905,1980-06-13
547,Nadya Figliovanni,nfigliovannif6@prweb.com,331-948-3836,2008-09-30
548,Westbrooke Gleadhall,wgleadhallf7@ifeng.com,399-132-2982,2001-01-24
549,Corinna Varcoe,cvarcoef8@apache.org,386-393-1928,2004-01-05
550,Pier Scripture,pscripturef9@fema.gov,191-522-3107,1990-09-13
551,Leena Whyley,lwhyleyfa@cargocollective.com,272-550-0165,2002-04-08
552,Cynthie Hamshar,chamsharfb@rediff.com,204-338-7795,2020-06-24
553,Lane Coopey,lcoopeyfc@usgs.gov,899-247-5332,1989-01-23
554,Krispin Bickardike,kbickardikefd@microsoft.com,539-882-7597,1967-03-20
555,Sheffield Axon,saxonfe@tuttocitta.it,556-614-2106,2012-01-15
556,Gilly Frazier,gfrazierff@cbc.ca,681-336-9705,2018-03-27
557,Carlotta Greville,cgrevillefg@ustream.tv,661-190-9151,1954-10-07
558,Teodoro Stonman,tstonmanfh@chicagotribune.com,965-200-3798,1990-06-09
559,Deva Escot,descotfi@globo.com,616-620-0007,2000-11-25
560,Thomasin Guyer,tguyerfj@reuters.com,495-261-6316,2018-11-19
561,Freddie Goalley,fgoalleyfk@parallels.com,993-744-4788,1984-10-18
562,Jannelle Fridaye,jfridayefl@ebay.co.uk,849-456-4447,1972-04-01
563,Willie Baxill,wbaxillfm@g.co,532-174-7130,1962-01-17
564,Auberon Demkowicz,ademkowiczfn@gmpg.org,190-802-0697,1980-12-20
565,Yorgo Matzen,ymatzenfo@rediff.com,665-826-3407,1986-01-28
566,Scotty Toulamain,stoulamainfp@biglobe.ne.jp,528-755-8653,1992-12-12
567,Nap Forsdicke,nforsdickefq@nbcnews.com,812-245-6621,2011-05-09
568,Wallie Badder,wbadderfr@un.org,302-446-1426,1986-11-17
569,Quintina O'Crigan,qocriganfs@skyrock.com,126-284-2519,2008-02-23
570,Beniamino Courtes,bcourtesft@eepurl.com,784-570-3437,1988-09-12
571,Clevey Mennear,cmennearfu@kickstarter.com,476-961-0938,1999-01-07
572,Dall Weale,dwealefv@blogs.com,485-904-1219,1960-06-19
573,Nealon Thirst,nthirstfw@mayoclinic.com,341-229-1634,1990-08-16
574,Dennison Quade,dquadefx@ow.ly,160-904-6079,2009-05-30
575,Merrill Stidever,mstideverfy@webmd.com,511-202-3728,1981-08-04
576,Iorgo Sokill,isokillfz@flickr.com,435-496-9213,1974-07-03
577,Merrilee Mieville,mmievilleg0@comcast.net,798-103-3463,1979-06-04
578,Nicholle Davidovits,ndavidovitsg1@comsenz.com,806-331-2798,1967-07-16
579,Rand Jeynes,rjeynesg2@hatena.ne.jp,775-623-0000,1970-03-18
580,Maurizio Burdett,mburdettg3@cnbc.com,386-775-5664,1968-10-28
581,Lorianne Footitt,lfootittg4@va.gov,647-659-1654,1987-08-01
582,Gail Poge,gpogeg5@ovh.net,231-978-2822,2005-09-07
583,Alic Carsberg,acarsbergg6@newsvine.com,150-736-5664,1955-07-02
584,Corrinne Pratten,cpratteng7@adobe.com,824-304-9060,1970-03-09
585,Martin Rothery,mrotheryg8@dailymotion.com,706-943-4022,1991-01-07
586,Rikki Flukes,rflukesg9@baidu.com,602-414-3953,1958-12-15
587,Chas Rowlatt,crowlattga@cyberchimps.com,874-568-6981,2001-12-26
588,Andee Ivanonko,aivanonkogb@friendfeed.com,472-548-6354,1958-05-16
589,Roger Killich,rkillichgc@networkadvertising.org,662-187-8304,1952-12-01
590,Ardelia Danton,adantongd@thetimes.co.uk,405-138-7792,2002-11-30
591,Gates Epton,geptonge@intel.com,583-666-1825,2003-03-15
592,Norry Spadazzi,nspadazzigf@toplist.cz,165-351-7829,1959-10-23
593,Ariela Isted,aistedgg@timesonline.co.uk,683-834-4772,1972-06-15
594,Auguste Buye,abuyegh@oakley.com,476-223-4948,1964-04-25
595,Chrotoem Barrat,cbarratgi@dedecms.com,507-383-3755,1998-03-23
596,Dion Lutwyche,dlutwychegj@surveymonkey.com,460-124-3368,1986-04-02
597,Bartholomeus Hanigan,bhanigangk@histats.com,676-788-9202,1972-09-09
598,Elyn Lampert,elampertgl@omniture.com,114-949-3195,1971-05-26
599,Dahlia Weiner,dweinergm@constantcontact.com,620-677-0517,1988-01-09
600,Nicoline Fowells,nfowellsgn@wordpress.com,941-470-8162,1985-05-31
601,Craggy Prozescky,cprozesckygo@home.pl,863-471-8268,1968-08-17
602,Ethelda Buye,ebuyegp@usa.gov,539-505-6299,2001-07-24
603,Burg Dugget,bduggetgq@npr.org,395-298-0356,1959-06-30
604,Emili Geldard,egeldardgr@bandcamp.com,307-250-4679,1961-10-04
605,Aurelie Niece,aniecegs@census.gov,292-324-4124,2018-09-03
606,Helge Greenrod,hgreenrodgt@earthlink.net,933-408-8516,2020-11-15
607,Darice Conew,dconewgu@xinhuanet.com,984-922-4462,2009-04-05
608,Brietta McCarrell,bmccarrellgv@wikipedia.org,286-923-3294,1955-04-22
609,Malynda Dreigher,mdreighergw@bloglines.com,505-630-6375,1952-11-24
610,Laurice Broinlich,lbroinlichgx@ehow.com,745-460-2725,1970-11-16
611,Paulina Keppy,pkeppygy@amazon.com,727-408-3933,1986-12-09
612,Winifield Gowry,wgowrygz@si.edu,249-988-4962,2014-01-26
613,Jammie Blesdill,jblesdillh0@bluehost.com,855-723-0514,1972-10-05
614,Kalli Pallant,kpallanth1@latimes.com,466-221-1654,1986-08-11
615,Rhiamon Brugger,rbruggerh2@upenn.edu,867-525-6693,1964-10-14
616,Stearn Giral,sgiralh3@pcworld.com,617-642-0244,2005-04-27
617,Editha Ketchaside,eketchasideh4@forbes.com,310-396-6438,2019-03-13
618,Valene Jannex,vjannexh5@chronoengine.com,125-750-1643,1975-08-30
619,Alfred Everil,aeverilh6@bbc.co.uk,632-832-2915,1952-08-16
620,Erin Luciano,elucianoh7@cargocollective.com,164-355-1413,1969-03-18
621,Kameko Verdy,kverdyh8@disqus.com,615-874-9567,1952-11-17
622,Ava Vaskov,avaskovh9@reuters.com,354-485-7098,1997-10-08
623,Lief Gerrad,lgerradha@rediff.com,985-590-2599,2002-03-26
624,Dominique Peters,dpetershb@bloomberg.com,759-568-1627,1979-01-06
625,Rancell Bellefant,rbellefanthc@latimes.com,700-466-9706,1992-02-03
626,Lyon Strelitzer,lstrelitzerhd@businessweek.com,606-520-2995,2015-10-20
627,Elicia Tuite,etuitehe@miibeian.gov.cn,213-418-8806,1965-04-07
628,Eulalie Toffalo,etoffalohf@house.gov,904-965-2003,1987-03-09
629,Vally Fleote,vfleotehg@cpanel.net,328-160-4119,1964-10-21
630,Sauveur Kolak,skolakhh@shutterfly.com,606-383-7113,1995-03-30
631,Leonhard Lorek,llorekhi@forbes.com,429-752-4725,1974-08-04
632,Layney Mish,lmishhj@homestead.com,444-551-3052,2007-03-18
633,Siouxie MacRinn,smacrinnhk@va.gov,567-902-3169,2015-12-31
634,Isac Farlam,ifarlamhl@mail.ru,735-390-0925,1973-04-20
635,Angelico Bailey,abaileyhm@illinois.edu,676-285-8820,1984-12-05
636,Pincas Shevels,pshevelshn@spiegel.de,777-985-3407,1956-09-25
637,Carmelle Mottinelli,cmottinelliho@prnewswire.com,596-161-6585,1971-08-14
638,Camel Valerio,cvaleriohp@nature.com,497-552-5298,1959-06-21
639,Falkner Shotbolt,fshotbolthq@washington.edu,651-371-7386,1954-03-02
640,Gwenette Daubney,gdaubneyhr@hugedomains.com,222-741-6060,2001-02-22
641,Hamil Trimmell,htrimmellhs@123-reg.co.uk,816-934-6347,1962-11-11
642,Pavla Knell,pknellht@over-blog.com,452-733-3693,2001-10-29
643,Alexina Chupin,achupinhu@storify.com,862-942-9951,1986-11-22
644,Lawrence Ernke,lernkehv@google.com,655-579-9572,1987-07-19
645,Jacintha Dorrity,jdorrityhw@adobe.com,493-548-6178,1959-02-18
646,Berk Heatley,bheatleyhx@123-reg.co.uk,800-787-6478,1984-09-23
647,Toiboid Blackburn,tblackburnhy@msu.edu,440-363-6398,2001-07-19
648,Catlaina Jakes,cjakeshz@sciencedirect.com,415-882-4547,2015-04-21
649,Natalya Wiggin,nwiggini0@sciencedirect.com,559-924-5801,1969-03-23
650,Melanie Cooke,mcookei1@apple.com,245-262-1898,1975-02-28
651,Barry Currom,bcurromi2@tripadvisor.com,998-251-4693,1980-09-27
652,Lani Allbones,lallbonesi3@epa.gov,616-209-1165,2013-09-09
653,Shae Boxer,sboxeri4@miibeian.gov.cn,279-813-9712,1996-08-12
654,Homerus Wooton,hwootoni5@oakley.com,217-610-6367,1972-12-15
655,Giselle Domenico,gdomenicoi6@sciencedirect.com,113-466-9163,1987-02-15
656,Maryanne Hardisty,mhardistyi7@xing.com,670-517-1988,1991-06-16
657,Koenraad Fetters,kfettersi8@berkeley.edu,700-290-0702,2006-02-23
658,Jesus Pinkstone,jpinkstonei9@purevolume.com,174-905-4391,2012-01-27
659,Evelin Culver,eculveria@blogtalkradio.com,626-228-3753,2019-10-26
660,Buck Bantham,bbanthamib@cnet.com,823-813-5229,2012-05-06
661,Weylin Chick,wchickic@deliciousdays.com,224-963-5815,2004-02-08
662,Delmor Chittim,dchittimid@netvibes.com,805-451-1520,1960-10-02
663,Dagmar Spawforth,dspawforthie@technorati.com,934-838-4022,1962-12-18
664,Inez Surby,isurbyif@upenn.edu,244-152-8586,1963-11-14
665,Jacquetta Sinnatt,jsinnattig@jalbum.net,248-935-8600,1953-05-01
666,Averell Ricks,aricksih@nydailynews.com,976-323-7211,1982-02-24
667,Xenos Furmenger,xfurmengerii@nature.com,817-312-8654,1982-09-06
668,Engelbert Bartoszek,ebartoszekij@woothemes.com,648-234-9132,1956-11-15
669,Frasco Sharplin,fsharplinik@hexun.com,381-769-0459,1964-09-02
670,Alfy Clapshaw,aclapshawil@pagesperso-orange.fr,948-165-4794,1990-05-11
671,Hall Neighbour,hneighbourim@hostgator.com,882-531-7799,2014-01-12
672,Demetris Flanne,dflannein@gmpg.org,415-141-4754,2009-04-24
673,Sandor Moscon,smosconio@msu.edu,223-195-1716,1966-04-10
674,Wynn Gillie,wgillieip@bbc.co.uk,279-464-0146,1980-05-19
675,Bron Troker,btrokeriq@nba.com,309-225-7373,2020-03-25
676,Andrei Mansford,amansfordir@geocities.com,674-472-4022,2013-06-08
677,Lucho Lorrie,llorrieis@upenn.edu,831-255-0105,2017-11-19
678,Lutero Burnhams,lburnhamsit@cdc.gov,275-584-7394,1995-01-12
679,Minnnie Keizman,mkeizmaniu@cargocollective.com,877-813-7086,1960-09-14
680,Jarrad Lechelle,jlechelleiv@phoca.cz,135-716-8242,1967-11-21
681,Wolfy Rodriguez,wrodrigueziw@epa.gov,212-421-4017,1998-01-27
682,Leila Ripley,lripleyix@cargocollective.com,846-176-5383,2006-07-11
683,Axe MacCathay,amaccathayiy@ebay.co.uk,609-697-7198,1986-07-18
684,Ansley Moughtin,amoughtiniz@nationalgeographic.com,702-812-7378,1995-11-10
685,Saloma Eblein,sebleinj0@fotki.com,240-124-0540,1993-09-13
686,Betteann Stammler,bstammlerj1@merriam-webster.com,111-285-0349,1973-03-13
687,Sherilyn Passo,spassoj2@liveinternet.ru,695-631-3987,1971-12-29
688,Jandy Corday,jcordayj3@samsung.com,906-360-9453,1966-10-28
689,Alfie Heisler,aheislerj4@sbwire.com,937-839-0465,2019-12-14
690,Charlie Hullock,chullockj5@livejournal.com,605-316-7031,1976-07-27
691,Sib Galliver,sgalliverj6@zdnet.com,356-290-9430,1956-03-06
692,Alexandra Berston,aberstonj7@twitpic.com,650-444-2985,1954-06-23
693,Estele Jinkin,ejinkinj8@123-reg.co.uk,576-263-0546,2019-12-20
694,Joelly Fullicks,jfullicksj9@nsw.gov.au,882-384-1224,1963-02-09
695,Bary Bonaire,bbonaireja@mayoclinic.com,736-284-1569,1973-07-14
696,Othilia Bayford,obayfordjb@artisteer.com,221-811-6278,1985-10-28
697,Hazel Markovic,hmarkovicjc@webmd.com,918-515-4481,2008-06-18
698,Clarie McCuthais,cmccuthaisjd@cbsnews.com,830-321-2399,1968-07-22
699,Grata Saint,gsaintje@last.fm,212-839-0010,2014-08-07
700,Mayer Kleinmintz,mkleinmintzjf@cdbaby.com,135-772-8226,2019-09-30
701,Rozina Neem,rneemjg@chron.com,937-775-7692,1981-02-11
702,Prentiss Lidgertwood,plidgertwoodjh@tripod.com,138-126-4082,2014-11-28
703,Leupold Lorkins,llorkinsji@state.tx.us,622-722-7367,1989-03-01
704,Conny Fullun,cfullunjj@technorati.com,592-626-7766,2003-05-14
705,Roch Chadbourn,rchadbournjk@free.fr,148-945-2955,2020-11-25
706,Madalena Clingan,mclinganjl@cpanel.net,420-317-8727,1978-06-12
707,Addia Orys,aorysjm@dmoz.org,401-603-8458,1995-06-18
708,Loise Thireau,lthireaujn@tripadvisor.com,183-491-9339,2013-12-26
709,Debby Carus,dcarusjo@flickr.com,769-344-9944,1988-06-11
710,Xylina Pikesley,xpikesleyjp@ftc.gov,509-124-9155,2018-10-30
711,Genia Hewson,ghewsonjq@blogger.com,551-141-4179,1981-08-28
712,Ciel Pretor,cpretorjr@wp.com,778-146-3877,2016-10-13
713,Quentin Fairbeard,qfairbeardjs@webs.com,133-976-9934,2001-08-20
714,Kerri Millmoe,kmillmoejt@businessweek.com,512-857-8019,1971-10-17
715,Annabela Granham,agranhamju@barnesandnoble.com,834-519-6848,2000-01-19
716,Sharla Duffill,sduffilljv@yellowbook.com,380-714-9455,2003-11-18
717,Beniamino Gildersleeve,bgildersleevejw@sohu.com,481-268-1788,1971-06-14
718,Pincas Edgeson,pedgesonjx@icio.us,219-819-0636,1964-10-14
719,Stu Petrushka,spetrushkajy@theguardian.com,923-862-9050,2004-02-23
720,Ivar Aldhouse,ialdhousejz@chicagotribune.com,232-805-0676,1976-03-14
721,Jeanelle Proudley,jproudleyk0@accuweather.com,749-687-8689,1972-01-05
722,Rupert Sloam,rsloamk1@reverbnation.com,116-769-0695,1966-09-22
723,Aaron Standon,astandonk2@hatena.ne.jp,265-257-5101,1958-08-10
724,Quent Whymark,qwhymarkk3@wired.com,604-577-9962,1988-04-10
725,Iorgo de Bullion,idek4@statcounter.com,622-986-1468,1966-08-30
726,Delphine Endricci,dendriccik5@cbslocal.com,390-702-0073,1959-01-29
727,Carmelia Starr,cstarrk6@adobe.com,719-522-4278,1951-03-21
728,Cathy Foulgham,cfoulghamk7@nytimes.com,301-655-8038,2001-09-21
729,Carri Javes,cjavesk8@google.de,400-526-7848,1955-06-04
730,Gregoor Stuchbery,gstuchberyk9@privacy.gov.au,905-388-2406,2018-09-20
731,Amy Keast,akeastka@phpbb.com,214-377-6417,1995-02-26
732,Cele Yoodall,cyoodallkb@vk.com,833-936-2226,1983-07-24
733,Marlee Sammut,msammutkc@wordpress.org,613-789-6807,2013-08-25
734,Kirsti Havercroft,khavercroftkd@networkadvertising.org,637-128-6140,1961-10-12
735,Vito Basillon,vbasillonke@cbslocal.com,331-195-2718,2001-06-30
736,Gertrude Thurgood,gthurgoodkf@de.vu,442-892-2238,2020-12-11
737,Gabby Paragreen,gparagreenkg@bing.com,473-160-7837,1999-08-06
738,Durante Ferraraccio,dferraracciokh@eepurl.com,391-368-4964,1981-12-15
739,Caspar MacGorley,cmacgorleyki@nih.gov,809-604-4047,1988-08-26
740,Araldo McCook,amccookkj@irs.gov,325-573-4294,1997-04-26
741,Herb Defty,hdeftykk@time.com,636-269-9700,2000-07-27
742,Alfredo Jarrad,ajarradkl@sphinn.com,148-307-1845,1969-11-05
743,Beret Goodsir,bgoodsirkm@blogger.com,529-341-5934,1976-01-21
744,Nettie Noury,nnourykn@vimeo.com,780-663-9572,1973-04-01
745,Renato Grimsdith,rgrimsdithko@skype.com,542-523-1561,1977-05-11
746,Birdie Fance,bfancekp@purevolume.com,529-486-6132,2007-10-28
747,Enrichetta Cridlan,ecridlankq@goo.ne.jp,526-692-3232,1979-07-17
748,Nyssa Cogdon,ncogdonkr@ustream.tv,521-823-7152,2007-10-14
749,Dunn Antognazzi,dantognazziks@weather.com,752-691-6751,1991-08-21
750,Candis Murr,cmurrkt@stumbleupon.com,701-316-7222,2012-03-09
751,Mei Dalziell,mdalziellku@trellian.com,305-255-1544,2008-06-25
752,Anica Cristofolini,acristofolinikv@usnews.com,214-754-1723,2006-10-28
753,Merrill Giampietro,mgiampietrokw@bing.com,455-971-8202,2019-02-12
754,Lorain Payle,lpaylekx@goodreads.com,681-659-2968,1991-09-23
755,Karna Dreghorn,kdreghornky@barnesandnoble.com,184-392-1215,2020-12-10
756,Emlynn Surgeoner,esurgeonerkz@printfriendly.com,443-901-2366,1964-12-18
757,Barth Fordy,bfordyl0@yelp.com,937-848-6969,1952-08-12
758,Enrichetta Tourmell,etourmelll1@rambler.ru,420-768-3954,1993-06-29
759,Fernandina Heavy,fheavyl2@nyu.edu,433-849-6290,1986-01-01
760,Janey Riceards,jriceardsl3@sbwire.com,618-727-7761,1994-04-24
761,Lin Amey,lameyl4@huffingtonpost.com,520-913-4000,1977-10-02
762,Karena Bontoft,kbontoftl5@ucoz.ru,473-348-9647,1986-10-21
763,Sela Flaunders,sflaundersl6@dailymotion.com,797-786-3050,1976-03-18
764,Agnes Semonin,asemoninl7@psu.edu,611-465-5742,1994-11-16
765,Nadiya Dowdeswell,ndowdeswelll8@furl.net,545-370-3599,1996-03-24
766,Jake Livermore,jlivermorel9@mediafire.com,989-480-7053,1982-10-23
767,Shelley Keats,skeatsla@latimes.com,607-518-5788,1959-07-17
768,Wayne Beller,wbellerlb@sbwire.com,912-871-5596,1999-04-13
769,Culley Hubery,chuberylc@sina.com.cn,847-835-5668,1952-01-24
770,Derward Rapson,drapsonld@admin.ch,484-735-1709,1967-01-01
771,Gwendolen Severwright,gseverwrightle@desdev.cn,255-179-7435,1971-08-27
772,Bianka Highwood,bhighwoodlf@stanford.edu,240-305-8921,1953-08-21
773,Gayle Easthope,geasthopelg@wikia.com,724-949-1553,2018-11-17
774,Torrey Siddle,tsiddlelh@spiegel.de,373-202-6832,1977-06-26
775,Dani Esherwood,desherwoodli@newyorker.com,149-955-6026,1981-04-19
776,Tommy Oldnall,toldnalllj@ted.com,385-852-8563,1953-03-13
777,Adelina Grigori,agrigorilk@theguardian.com,302-315-0595,2008-10-09
778,Elisa Duligal,eduligalll@thetimes.co.uk,836-648-2189,1983-05-08
779,Nikola Chandlar,nchandlarlm@wordpress.com,873-407-3640,2010-12-20
780,Chico Clayhill,cclayhillln@oracle.com,624-767-0876,1980-12-18
781,Percival Garmon,pgarmonlo@linkedin.com,822-427-0898,1981-12-02
782,Shem Marskell,smarskelllp@nbcnews.com,958-328-9807,1983-05-02
783,Cazzie Goodnow,cgoodnowlq@youtube.com,385-210-3843,1969-01-18
784,Amy Waud,awaudlr@dagondesign.com,253-273-5295,1994-06-04
785,Gladi Billam,gbillamls@godaddy.com,225-100-5237,1962-05-11
786,Ingra Wilks,iwilkslt@mashable.com,564-935-1740,1975-08-22
787,Randolf Stallworthy,rstallworthylu@elegantthemes.com,374-709-4896,1999-05-22
788,Daphene Sennett,dsennettlv@cornell.edu,216-123-4413,1975-01-06
789,Brockie Lenox,blenoxlw@plala.or.jp,419-457-6059,1972-02-22
790,Hedvige Samuel,hsamuellx@theglobeandmail.com,692-406-3698,2000-11-06
791,Caril Bakewell,cbakewellly@edublogs.org,555-103-8036,1953-12-28
792,Caroljean Narey,cnareylz@shop-pro.jp,315-808-1863,1954-10-01
793,Larry Magnay,lmagnaym0@homestead.com,348-911-8960,2000-02-19
794,Lira Skala,lskalam1@ustream.tv,995-698-7233,1985-04-21
795,Juanita Wiffen,jwiffenm2@eventbrite.com,729-836-3466,1965-03-01
796,Orelie Derricoat,oderricoatm3@apache.org,839-342-7478,2018-03-03
797,Casper Fydo,cfydom4@princeton.edu,568-163-4581,1983-05-18
798,Ange Sergeaunt,asergeauntm5@cbsnews.com,535-683-7740,1957-11-05
799,Sheffie Gillam,sgillamm6@comcast.net,365-101-8113,1983-08-11
800,Georgena McCague,gmccaguem7@topsy.com,390-237-7270,2020-11-26
801,Rahal Rudge,rrudgem8@admin.ch,130-583-3057,2013-09-15
802,Norma Parratt,nparrattm9@wikia.com,883-135-6142,1979-02-25
803,Adda Marwick,amarwickma@multiply.com,443-882-7816,1975-08-26
804,Angelina Exposito,aexpositomb@msn.com,332-468-8505,1956-01-25
805,Stevie Delamere,sdelameremc@w3.org,572-229-2394,2000-05-23
806,Lida Edmonson,ledmonsonmd@unesco.org,996-233-4464,1984-10-05
807,Kacey Farres,kfarresme@google.fr,107-955-7053,1962-05-25
808,Isabel Nelthropp,inelthroppmf@businessinsider.com,221-973-9200,1995-02-27
809,Renard Eldredge,reldredgemg@ebay.com,866-693-8765,1960-10-11
810,Clemmy Lowder,clowdermh@stumbleupon.com,774-668-8983,1994-03-23
811,Berke Spaughton,bspaughtonmi@washington.edu,393-755-0754,2015-03-12
812,Henrietta Lapworth,hlapworthmj@shop-pro.jp,377-688-6317,1954-11-01
813,Friedrick Laidlaw,flaidlawmk@skype.com,673-102-8054,1972-06-26
814,Ruby Mountcastle,rmountcastleml@yahoo.com,344-338-4658,2018-03-09
815,Avivah Yarker,ayarkermm@feedburner.com,738-793-1138,1988-01-21
816,Lucho Yerbury,lyerburymn@last.fm,572-423-3985,1992-03-02
817,Olav Harfleet,oharfleetmo@home.pl,613-248-5449,2007-06-29
818,Ema Shilvock,eshilvockmp@moonfruit.com,645-443-5822,1951-08-14
819,Glyn Yelden,gyeldenmq@psu.edu,637-905-2582,1998-04-18
820,Sigismund Pilkinton,spilkintonmr@youtube.com,585-217-5814,2005-01-03
821,Rhetta Loftus,rloftusms@theglobeandmail.com,885-985-1225,1978-11-05
822,Georges Blincow,gblincowmt@amazon.com,595-726-4029,1974-05-29
823,Crissy Mendus,cmendusmu@unblog.fr,384-649-9742,1954-02-24
824,Junette Meiningen,jmeiningenmv@4shared.com,931-610-5367,1986-11-26
825,Harri Yakunkin,hyakunkinmw@cdbaby.com,563-235-3802,1971-05-30
826,Kelsi Taillard,ktaillardmx@nih.gov,245-279-6894,1990-11-16
827,Lincoln Cove,lcovemy@webeden.co.uk,385-456-6446,1994-08-18
828,Bartlet Salan,bsalanmz@comcast.net,416-262-7585,2002-05-13
829,Jewelle Markushkin,jmarkushkinn0@biglobe.ne.jp,280-823-8001,2002-09-30
830,Juliane Grzeskowski,jgrzeskowskin1@tmall.com,958-842-6873,1988-05-05
831,Franz Menico,fmenicon2@homestead.com,304-755-9073,1983-03-31
832,Gertrud Valenta,gvalentan3@ask.com,906-432-3441,1971-05-03
833,Boote Oller,bollern4@home.pl,887-725-1783,2011-07-26
834,Normand Wenden,nwendenn5@dailymail.co.uk,829-812-0028,1996-09-05
835,Daune Kirwood,dkirwoodn6@51.la,200-828-4668,2019-09-14
836,Trueman Eul,teuln7@51.la,243-179-7757,1951-05-01
837,Ruthy Loody,rloodyn8@oakley.com,482-841-0995,1975-06-06
838,Sander Pendleton,spendletonn9@bloomberg.com,704-426-4776,1968-06-21
839,Nana Schrinel,nschrinelna@wired.com,135-191-0706,1971-11-06
840,Di Draco,ddraconb@i2i.jp,153-987-3365,1996-09-21
841,Stefanie Willstrop,swillstropnc@reddit.com,250-942-6528,2014-02-23
842,Erminie Carlan,ecarlannd@unc.edu,126-526-6002,1974-12-11
843,Mildred Vasilov,mvasilovne@unc.edu,724-567-9415,1996-10-23
844,Silvie Pitson,spitsonnf@vimeo.com,411-721-0874,1961-09-04
845,Willey Henkmann,whenkmannng@foxnews.com,312-608-1154,1995-10-31
846,Darcy Kenafaque,dkenafaquenh@devhub.com,248-733-2504,1960-05-10
847,Claudell Millan,cmillanni@infoseek.co.jp,210-333-4626,1955-03-20
848,Jephthah Cypler,jcyplernj@virginia.edu,854-110-9083,2018-02-25
849,Lauraine Scaice,lscaicenk@google.co.uk,640-576-5021,1997-07-03
850,Petronille Ramsted,pramstednl@nsw.gov.au,763-923-7941,2000-01-16
851,Karoly Struttman,kstruttmannm@prlog.org,790-643-3788,1979-06-13
852,Florry Capelen,fcapelennn@nps.gov,722-980-2831,1979-08-10
853,Garreth Breckwell,gbreckwellno@people.com.cn,648-611-3334,2002-07-31
854,Raoul Pibworth,rpibworthnp@sphinn.com,144-322-0060,1968-07-15
855,Rochelle Ritmeyer,rritmeyernq@walmart.com,780-394-6097,1955-05-30
856,Amy Sworn,aswornnr@oaic.gov.au,879-617-2572,1986-02-14
857,Janos Van de Castele,jvanns@independent.co.uk,957-368-8092,1993-05-12
858,Tessie Spitell,tspitellnt@engadget.com,988-889-4271,1959-07-07
859,Bogart Vasilchenko,bvasilchenkonu@pbs.org,208-322-5629,1969-12-02
860,Raff Stoll,rstollnv@live.com,205-860-5444,2008-04-10
861,Jessalin Tunniclisse,jtunniclissenw@tmall.com,754-392-7536,1998-02-11
862,Florencia Cruz,fcruznx@youku.com,744-535-7123,1975-12-30
863,Julianna Amner,jamnerny@posterous.com,377-224-0490,2018-01-08
864,Merna Veale,mvealenz@pagesperso-orange.fr,162-407-2693,1999-07-09
865,Evin Duckers,educkerso0@dropbox.com,260-424-6211,2002-06-09
866,Joelle Staddart,jstaddarto1@skyrock.com,176-362-7726,1978-09-30
867,Chrissie Upshall,cupshallo2@umn.edu,246-564-5775,1972-07-24
868,Kaitlyn Partlett,kpartletto3@360.cn,232-701-8000,2020-10-13
869,Jonell Hayles,jhayleso4@tripod.com,974-689-2874,2012-05-19
870,Dalenna Poxson,dpoxsono5@wunderground.com,892-413-7199,1964-10-30
871,Hayyim McLevie,hmclevieo6@blogspot.com,622-332-8030,1954-11-04
872,Gal Eldered,gelderedo7@fc2.com,757-776-0182,2007-07-29
873,Brantley Antonikov,bantonikovo8@telegraph.co.uk,773-766-8132,1964-09-20
874,Trudey Sacco,tsaccoo9@unesco.org,650-963-2144,1998-07-30
875,Gerda Staig,gstaigoa@flavors.me,214-667-8790,2018-02-19
876,Griffin Wardhaw,gwardhawob@scribd.com,839-160-6926,1970-02-16
877,Johnath Arnould,jarnouldoc@google.es,591-574-9289,1971-02-09
878,Linnea Lidbetter,llidbetterod@foxnews.com,523-562-9936,1989-01-09
879,Ynez Tippett,ytippettoe@hibu.com,157-309-9811,1989-10-10
880,Leoline Childes,lchildesof@zdnet.com,311-401-6827,1955-03-19
881,Jeri Solan,jsolanog@squidoo.com,447-187-0257,2004-06-08
882,Emmet McComish,emccomishoh@webeden.co.uk,188-549-5707,1969-08-27
883,Filip Lambot,flambotoi@vistaprint.com,942-302-6163,1983-11-28
884,Kiley Taverner,ktaverneroj@amazonaws.com,249-452-9339,2005-01-28
885,Howey Hacker,hhackerok@nbcnews.com,926-913-0274,1973-01-20
886,Haily Olman,holmanol@youku.com,850-856-1403,1978-08-07
887,Kylie Deppen,kdeppenom@shinystat.com,332-265-4167,1974-03-20
888,Rubie Tarzey,rtarzeyon@t.co,530-107-6853,1969-04-07
889,Lianne Hourston,lhourstonoo@hp.com,925-813-4788,1977-04-22
890,Rosalie Mohammad,rmohammadop@independent.co.uk,813-826-7202,1990-02-10
891,Pattie MacClay,pmacclayoq@google.com,505-718-4840,1975-01-08
892,Chrotoem Harrop,charropor@tmall.com,722-620-0264,1989-07-17
893,Iseabal Colt,icoltos@facebook.com,951-750-6092,1982-11-11
894,Ursa Lassen,ulassenot@globo.com,924-879-7081,1985-06-22
895,Damian Weatherup,dweatherupou@examiner.com,986-406-2183,1967-10-21
896,Neill O'Fogerty,nofogertyov@chronoengine.com,237-179-2915,2011-07-05
897,Herc Tomei,htomeiow@scientificamerican.com,963-104-0693,1978-02-08
898,Lorrin O'Caherny,locahernyox@reverbnation.com,690-823-9257,2018-08-14
899,Gus Larmuth,glarmuthoy@icio.us,332-626-4167,1983-01-26
900,Clemente Godehard.sf,cgodehardsfoz@addthis.com,725-101-6170,1970-02-20
901,Glynnis Prinnett,gprinnettp0@vimeo.com,299-910-2733,1956-03-21
902,Ronnie Mingasson,rmingassonp1@cam.ac.uk,517-533-1200,1974-08-31
903,Mel McCaughan,mmccaughanp2@vkontakte.ru,780-488-2658,1976-08-01
904,Rey Lewknor,rlewknorp3@ow.ly,664-976-5219,1978-08-23
905,Ray Lansdown,rlansdownp4@flavors.me,234-865-6481,2009-05-07
906,Jefferson Meiklam,jmeiklamp5@prnewswire.com,794-609-2997,1955-06-13
907,Royal Giacomucci,rgiacomuccip6@youku.com,664-602-9712,1978-12-07
908,Kit Tante,ktantep7@ow.ly,362-692-7954,1951-12-30
909,Roxanna Northridge,rnorthridgep8@liveinternet.ru,788-645-6057,2000-07-14
910,Lanie Rousel,lrouselp9@weibo.com,219-710-1290,1996-06-24
911,Evaleen Ebbles,eebblespa@imgur.com,593-465-2516,2001-01-03
912,Elmore Mounsie,emounsiepb@cocolog-nifty.com,764-641-3309,1976-10-22
913,Rouvin Portman,rportmanpc@cloudflare.com,331-898-1568,1999-07-17
914,Tiffy D'Elias,tdeliaspd@nytimes.com,214-837-5427,1985-07-20
915,Fianna Tidgewell,ftidgewellpe@baidu.com,692-127-0598,1974-03-03
916,Saundra Tranckle,strancklepf@ox.ac.uk,976-537-8507,1960-06-19
917,Adrian Trout,atroutpg@loc.gov,635-537-4284,2019-08-14
918,Osgood Sprowell,osprowellph@pen.io,636-785-6329,1965-03-21
919,Kevan Lewsam,klewsampi@cisco.com,186-237-8914,1983-10-18
920,Rodney Klemensiewicz,rklemensiewiczpj@usa.gov,532-417-5961,2002-05-18
921,Lion Dewen,ldewenpk@yahoo.co.jp,816-622-8490,2010-08-12
922,Zoe Soall,zsoallpl@marriott.com,279-746-2999,1974-04-28
923,Rudolph Waller,rwallerpm@marketwatch.com,500-656-4588,1972-12-28
924,Ariadne Naseby,anasebypn@nature.com,955-430-4234,1965-11-08
925,Felic Walcot,fwalcotpo@1688.com,923-762-6615,2009-04-01
926,Tailor Giraudy,tgiraudypp@1und1.de,207-256-6023,1969-11-18
927,Beatrice Gundry,bgundrypq@ebay.com,751-369-1000,2007-03-21
928,Dolorita Cappleman,dcapplemanpr@linkedin.com,517-821-5138,1960-01-07
929,Odey Coling,ocolingps@biglobe.ne.jp,563-859-4226,2014-05-22
930,Britney Habben,bhabbenpt@rambler.ru,612-201-7749,1997-09-26
931,Viole Bartolacci,vbartolaccipu@deviantart.com,161-844-7390,1998-04-12
932,Benji Sewart,bsewartpv@zimbio.com,245-191-8347,2003-08-05
933,Carmella Frudd,cfruddpw@constantcontact.com,736-623-8458,2007-01-03
934,Sutherlan Maciak,smaciakpx@soup.io,205-683-8869,1987-06-20
935,Stepha Doorey,sdooreypy@washingtonpost.com,603-751-6051,1987-03-05
936,Sacha Daintith,sdaintithpz@imgur.com,198-205-6683,1996-08-19
937,Flin Tearle,ftearleq0@unc.edu,150-402-6145,1972-09-23
938,Babbie Gellately,bgellatelyq1@msu.edu,622-608-1683,1956-02-27
939,Rolph Laugheran,rlaugheranq2@whitehouse.gov,475-871-8563,1973-11-19
940,Gun Cushion,gcushionq3@ft.com,239-480-7241,1956-08-07
941,Alberta Crease,acreaseq4@amazon.de,918-883-6376,1988-08-27
942,Dorothee Dionisetti,ddionisettiq5@prnewswire.com,724-984-7123,1968-04-22
943,Batsheva Rief,briefq6@boston.com,108-237-8888,2012-09-28
944,Melvyn Gammell,mgammellq7@prlog.org,933-751-8792,1976-12-17
945,Desirae Vidyapin,dvidyapinq8@yale.edu,745-857-1843,1983-01-29
946,Corabella Westwood,cwestwoodq9@dropbox.com,531-978-2657,1952-10-15
947,Mallorie Rainsbury,mrainsburyqa@lulu.com,191-914-6940,1972-08-31
948,Inglebert Ivens,iivensqb@netvibes.com,935-972-4902,1963-10-16
949,Mylo Borrott,mborrottqc@opera.com,320-569-0652,2005-10-24
950,Sigismundo Bodell,sbodellqd@booking.com,356-911-0363,1957-04-10
951,Courtnay Peasee,cpeaseeqe@ca.gov,992-842-7827,2003-03-30
952,Daniela Blumer,dblumerqf@slideshare.net,324-647-2898,2020-08-16
953,Phillis Indgs,pindgsqg@ustream.tv,395-432-5812,2006-06-28
954,Luci Skedgell,lskedgellqh@comcast.net,495-533-9830,1996-03-16
955,Lurleen Willingale,lwillingaleqi@usgs.gov,198-117-0731,1968-04-01
956,Brit Harriot,bharriotqj@nature.com,736-130-6859,2007-12-15
957,Arther Sonschein,asonscheinqk@ow.ly,988-914-3357,1997-05-21
958,Ignazio Toffanelli,itoffanelliql@behance.net,539-621-5723,1999-06-06
959,Doralynne Malcolmson,dmalcolmsonqm@intel.com,655-387-1907,1995-10-31
960,Nydia Pinock,npinockqn@addtoany.com,452-934-4325,1990-04-07
961,Janka Orrin,jorrinqo@java.com,240-882-5760,2003-02-17
962,Quincey Pethick,qpethickqp@last.fm,927-371-1395,1974-10-22
963,Don Geharke,dgeharkeqq@a8.net,940-931-1836,1963-04-04
964,Orazio Axe,oaxeqr@cnn.com,811-965-3450,2017-07-19
965,Sarah Mobius,smobiusqs@joomla.org,783-793-9133,1955-05-07
966,Alaine Jameson,ajamesonqt@indiatimes.com,706-523-2523,1989-06-27
967,Rena Fitzer,rfitzerqu@so-net.ne.jp,694-217-2030,1979-12-19
968,Lisle Hales,lhalesqv@unicef.org,291-359-1709,1963-10-10
969,Kissee Shelborne,kshelborneqw@yahoo.co.jp,796-111-4172,2001-04-16
970,Rawley Bullingham,rbullinghamqx@trellian.com,447-352-2567,1951-03-24
971,Michel Burlay,mburlayqy@reference.com,180-908-2974,1989-12-06
972,Rem Rowston,rrowstonqz@livejournal.com,832-273-8779,1971-05-03
973,Celisse Schneidar,cschneidarr0@acquirethisname.com,462-196-8377,1977-11-18
974,Kinnie Gorstidge,kgorstidger1@yahoo.co.jp,671-600-6505,1960-10-01
975,Martina Frankling,mfranklingr2@blog.com,462-637-3640,2008-02-11
976,Ike Nuss,inussr3@cam.ac.uk,124-893-7087,1979-12-23
977,Hilton Dingate,hdingater4@omniture.com,250-817-8666,2010-04-21
978,Bowie Bleackly,bbleacklyr5@chron.com,289-527-0553,1955-03-12
979,Patrice Buckell,pbuckellr6@scientificamerican.com,183-333-1485,2018-05-06
980,Bertina Wackly,bwacklyr7@networkadvertising.org,406-920-6473,2011-08-15
981,Merrile Lamyman,mlamymanr8@google.com,478-105-3040,1984-09-18
982,Marlyn Freeburn,mfreeburnr9@stumbleupon.com,236-646-3606,1994-09-07
983,Reidar Noquet,rnoquetra@alexa.com,412-773-7799,2014-06-07
984,Esra Bourcq,ebourcqrb@exblog.jp,415-545-6269,1954-10-16
985,Madeleine Learman,mlearmanrc@yelp.com,898-861-2566,1989-02-18
986,Alexandros Geekie,ageekierd@altervista.org,183-988-6957,1997-09-21
987,Christabella Ends,cendsre@typepad.com,865-709-2898,2019-11-18
988,Rockie Cassella,rcassellarf@rediff.com,282-319-1448,1973-05-01
989,Sioux Aldren,saldrenrg@livejournal.com,743-342-7658,1962-06-16
990,Donia Roughey,drougheyrh@vinaora.com,231-465-4978,2005-02-25
991,Langston Persehouse,lpersehouseri@netvibes.com,104-652-9942,1997-04-01
992,Nerty McGillreich,nmcgillreichrj@unblog.fr,847-228-3594,2002-01-31
993,Helga Clapshaw,hclapshawrk@cdbaby.com,830-385-2778,2008-06-30
994,Freddie Gelling,fgellingrl@cbc.ca,485-774-1232,1975-01-30
995,Janenna Creany,jcreanyrm@multiply.com,901-121-9037,1955-06-24
996,Eldon Clerc,eclercrn@comsenz.com,936-790-9487,1957-03-11
997,Gregorio Castanie,gcastaniero@hexun.com,872-424-3334,2006-05-25
998,Lynsey Rigeby,lrigebyrp@springer.com,777-897-6171,1981-04-30
999,Mickie Attawell,mattawellrq@google.pl,584-453-3691,1971-10-06
1000,Harold Goodison,hgoodisonrr@hhs.gov,140-332-7764,2000-01-26